date,source,title,published_at,link,feed_url,fetched_at
2025-09-10,Bloomberg,Hedge Fund Trader Tightens Grip on Europe's Ailing Companies,2025-09-10T05:30:18Z,https://www.bloomberg.com/news/articles/2025-09-10/hedge-funds-hamza-lemssouguer-s-arini-is-cornering-europe-s-distressed-market,https://feeds.bloomberg.com/markets/news.rss,2025-09-10T05:43:33.294867Z
2025-09-10,Bloomberg,Infineon CEO on How AI Applications Are Evolving,2025-09-10T05:29:00Z,https://www.bloomberg.com/news/videos/2025-09-10/infineon-ceo-on-how-ai-applications-are-evolving-video,https://feeds.bloomberg.com/markets/news.rss,2025-09-10T05:43:33.294920Z
2025-09-10,Bloomberg,PTI Chairman on AI-led Business Demand,2025-09-10T05:28:17Z,https://www.bloomberg.com/news/videos/2025-09-10/pti-chairman-on-ai-led-business-demand-video,https://feeds.bloomberg.com/markets/news.rss,2025-09-10T05:43:33.294959Z
2025-09-10,Bloomberg,TSMC Supplier C Sun Says AI-Related Demand Rising,2025-09-10T05:27:56Z,https://www.bloomberg.com/news/videos/2025-09-10/tsmc-supplier-c-sun-says-ai-related-demand-rising-video,https://feeds.bloomberg.com/markets/news.rss,2025-09-10T05:43:33.294996Z
2025-09-10,Bloomberg,Gold Pushes Toward Record as Traders Wait for Inflation Prints,2025-09-10T00:53:32Z,https://www.bloomberg.com/news/articles/2025-09-10/gold-holds-ground-just-below-record-ahead-of-us-inflation-data,https://feeds.bloomberg.com/markets/news.rss,2025-09-10T05:43:33.295033Z
2025-09-10,Bloomberg,ANZ Global Markets Chief Steps Down Amid Bank Overhaul,2025-09-10T05:18:10Z,https://www.bloomberg.com/news/articles/2025-09-10/anz-global-markets-chief-steps-down-amid-bank-overhaul,https://feeds.bloomberg.com/markets/news.rss,2025-09-10T05:43:33.295070Z
2025-09-10,Bloomberg,Lithium Stocks Slide as CATL Mine Prepares for Early Restart,2025-09-10T00:28:46Z,https://www.bloomberg.com/news/articles/2025-09-10/lithium-stocks-slump-as-chinese-mine-set-to-restart-early,https://feeds.bloomberg.com/markets/news.rss,2025-09-10T05:43:33.295107Z
2025-09-10,Bloomberg,Global Stocks Gain a Sixth Day as Tech Rises Again: Markets Wrap,2025-09-09T22:31:12Z,https://www.bloomberg.com/news/articles/2025-09-09/stock-market-today-dow-s-p-live-updates,https://feeds.bloomberg.com/markets/news.rss,2025-09-10T05:43:33.295145Z
2025-09-10,Bloomberg,EU Bonds Hit Market Milestone as Eurex Starts Offering Futures,2025-09-10T05:00:00Z,https://www.bloomberg.com/news/articles/2025-09-10/eu-bonds-hit-market-milestone-as-eurex-starts-offering-futures,https://feeds.bloomberg.com/markets/news.rss,2025-09-10T05:43:33.295182Z
2025-09-10,Bloomberg,Mitsubishi Power on Energy Outlook Amid AI Boom,2025-09-10T04:50:55Z,https://www.bloomberg.com/news/videos/2025-09-10/mitsubishi-power-on-energy-outlook-amid-ai-boom-video,https://feeds.bloomberg.com/markets/news.rss,2025-09-10T05:43:33.295216Z
2025-09-10,Bloomberg,Aramco to Price Second Dollar Bond Sale of 2025 to Fund Projects,2025-09-10T04:34:07Z,https://www.bloomberg.com/news/articles/2025-09-10/aramco-to-price-second-dollar-bond-sale-of-2025-to-fund-projects,https://feeds.bloomberg.com/markets/news.rss,2025-09-10T05:43:33.295253Z
2025-09-10,Bloomberg,"Oil Climbs as Traders Weigh Trump's Tariff Threats, Doha Strike",2025-09-09T23:31:10Z,https://www.bloomberg.com/news/articles/2025-09-09/latest-oil-market-news-and-analysis-for-sept-10,https://feeds.bloomberg.com/markets/news.rss,2025-09-10T05:43:33.295339Z
2025-09-10,Bloomberg,Tata Motors Markets €3.875 Billion Loan for Iveco Acquisition,2025-09-10T04:18:12Z,https://www.bloomberg.com/news/articles/2025-09-10/tata-motors-markets-3-875-billion-loan-for-iveco-acquisition,https://feeds.bloomberg.com/markets/news.rss,2025-09-10T05:43:33.295416Z
2025-09-10,Bloomberg,"JPMorgan, Fifth Third Among Banks Facing Losses Tied to Tricolor",2025-09-09T21:23:44Z,https://www.bloomberg.com/news/articles/2025-09-09/fifth-third-reports-alleged-fraud-tied-to-asset-backed-borrower,https://feeds.bloomberg.com/markets/news.rss,2025-09-10T05:43:33.295453Z
2025-09-10,Bloomberg,Kenya Bank Lending Accelerates to Highest in a Year on Rate Cuts,2025-09-10T04:00:00Z,https://www.bloomberg.com/news/articles/2025-09-10/kenyan-bank-lending-growth-at-year-s-highest-on-rate-cuts,https://feeds.bloomberg.com/markets/news.rss,2025-09-10T05:43:33.295490Z
2025-09-10,Bloomberg,Iron Ore Stays Near Highs as Traders Eye Brazil Port Fire,2025-09-10T03:31:23Z,https://www.bloomberg.com/news/articles/2025-09-10/iron-ore-stays-near-highs-as-traders-eye-brazil-port-fire,https://feeds.bloomberg.com/markets/news.rss,2025-09-10T05:43:33.295526Z
2025-09-10,Bloomberg,Hong Kong Property Woes Weigh on Schroders as Banks Seize Assets,2025-09-10T01:14:49Z,https://www.bloomberg.com/news/articles/2025-09-10/hong-kong-property-woes-weigh-on-schroders-as-banks-seize-assets,https://feeds.bloomberg.com/markets/news.rss,2025-09-10T05:43:33.295563Z
2025-09-10,Bloomberg,"Australian Retirees Need $455,000 of Savings to Live Comfortably",2025-09-10T03:15:26Z,https://www.bloomberg.com/news/articles/2025-09-10/australian-retirees-need-455-000-of-savings-to-live-comfortably,https://feeds.bloomberg.com/markets/news.rss,2025-09-10T05:43:33.295600Z
2025-09-10,Bloomberg,China Long Bond Selloff Grows as Mutual Fund Plan Adds to Pain,2025-09-10T03:08:54Z,https://www.bloomberg.com/news/articles/2025-09-10/china-long-bond-selloff-grows-as-mutual-fund-plan-adds-to-pain,https://feeds.bloomberg.com/markets/news.rss,2025-09-10T05:43:33.295636Z
2025-09-10,Bloomberg,Indian Stock Markets Struggle to Lure Back Foreign Investors,2025-09-10T02:57:05Z,https://www.bloomberg.com/news/articles/2025-09-10/india-market-buzz-it-outlook-brightens-pharma-still-in-woods,https://feeds.bloomberg.com/markets/news.rss,2025-09-10T05:43:33.295672Z
2025-09-10,Bloomberg,Indonesia's New Finance Boss to Keep 3% Deficit Cap for Now,2025-09-09T09:26:50Z,https://www.bloomberg.com/news/articles/2025-09-09/indonesia-s-new-finance-chief-vows-to-keep-deficit-within-3-cap,https://feeds.bloomberg.com/markets/news.rss,2025-09-10T05:43:33.295751Z
2025-09-10,Bloomberg,"Trump Floats New Tariffs on China, India to Squeeze Russia",2025-09-10T02:44:05Z,https://www.bloomberg.com/news/videos/2025-09-10/trump-floats-new-tariffs-on-china-india-to-squeeze-russia,https://feeds.bloomberg.com/markets/news.rss,2025-09-10T05:43:33.295788Z
2025-09-10,Bloomberg,Activist Investor Elliott Takes Stake in Japan's Kansai Electric,2025-09-10T01:08:37Z,https://www.bloomberg.com/news/articles/2025-09-10/elliott-takes-stake-in-japan-s-kansai-electric-power-ft-reports,https://feeds.bloomberg.com/markets/news.rss,2025-09-10T05:43:33.295871Z
2025-09-10,Bloomberg,Korean Stocks Head for Record on Optimism for Tax Hike Reversal,2025-09-10T00:44:22Z,https://www.bloomberg.com/news/articles/2025-09-10/korean-stock-benchmark-heads-for-record-as-reform-optimism-grows,https://feeds.bloomberg.com/markets/news.rss,2025-09-10T05:43:33.295907Z
2025-09-10,Bloomberg,"China's AI Chip Boom Fuels Cambricon, Alibaba Stock Rallies",2025-09-09T23:00:00Z,https://www.bloomberg.com/news/articles/2025-09-09/china-s-ai-chip-boom-fuels-rallies-in-cambricon-alibaba-shares,https://feeds.bloomberg.com/markets/news.rss,2025-09-10T05:43:33.295986Z
2025-09-10,Bloomberg,Crypto Exchange Gemini Raises US IPO Target to $433 Million,2025-09-09T21:54:13Z,https://www.bloomberg.com/news/articles/2025-09-09/crypto-exchange-gemini-raises-us-ipo-target-to-433-3-million,https://feeds.bloomberg.com/markets/news.rss,2025-09-10T05:43:33.296023Z
2025-09-10,Bloomberg,"Indonesian Bond Demand, Stocks Hit After Finance Minister Exit",2025-09-10T01:41:00Z,https://www.bloomberg.com/news/articles/2025-09-10/indonesian-bond-demand-stocks-hit-after-finance-minister-exit,https://feeds.bloomberg.com/markets/news.rss,2025-09-10T05:43:33.296059Z
2025-09-10,Bloomberg,"Klarna, Backers Raise $1.37 Billion in Oversubscribed IPO",2025-09-09T22:53:15Z,https://www.bloomberg.com/news/articles/2025-09-09/klarna-backers-raise-1-37-billion-in-us-ipo-priced-above-range,https://feeds.bloomberg.com/markets/news.rss,2025-09-10T05:43:33.296094Z
2025-09-10,Bloomberg,Chinese EVs Set to Gain Share in Singapore as Rebates Extended,2025-09-10T01:15:42Z,https://www.bloomberg.com/news/articles/2025-09-10/chinese-evs-set-to-gain-share-in-singapore-as-rebates-extended,https://feeds.bloomberg.com/markets/news.rss,2025-09-10T05:43:33.296130Z
2025-09-10,Bloomberg,Hedge Funds Ramp Up Yen Option Wagers on BOJ's Hawkish Signal,2025-09-10T01:08:52Z,https://www.bloomberg.com/news/articles/2025-09-10/hedge-funds-ramp-up-yen-option-wagers-on-boj-s-hawkish-signal,https://feeds.bloomberg.com/markets/news.rss,2025-09-10T05:43:33.296212Z
2025-09-10,Bloomberg,Why Trump Immigration Raid Snared South Korea Workers Over Visas,2025-09-10T05:10:22Z,https://www.bloomberg.com/news/articles/2025-09-10/why-trump-immigration-raid-snared-south-korea-workers-over-visas,https://feeds.bloomberg.com/economics/news.rss,2025-09-10T05:43:35.487598Z
2025-09-10,Bloomberg,"Reeves Risks Another Post-Budget Inflation Surge, Business Warns",2025-09-10T04:00:00Z,https://www.bloomberg.com/news/articles/2025-09-10/reeves-risks-another-post-budget-inflation-surge-business-warns,https://feeds.bloomberg.com/economics/news.rss,2025-09-10T05:43:35.487640Z
2025-09-10,Bloomberg,"Handelsbanken Trims Sweden Growth View, Still Sees September Cut",2025-09-10T04:00:00Z,https://www.bloomberg.com/news/articles/2025-09-10/handelsbanken-trims-sweden-growth-view-still-sees-september-cut,https://feeds.bloomberg.com/economics/news.rss,2025-09-10T05:43:35.487679Z
2025-09-10,Bloomberg,China Factory Deflation Eases But Not Enough to Call Turnaround,2025-09-10T01:33:06Z,https://www.bloomberg.com/news/articles/2025-09-10/china-consumer-inflation-dips-below-zero-again-as-demand-weakens,https://feeds.bloomberg.com/economics/news.rss,2025-09-10T05:43:35.487716Z
2025-09-10,Bloomberg,China's Oil Stockpile Build Keeps Traders Guessing in Singapore,2025-09-10T03:29:56Z,https://www.bloomberg.com/news/articles/2025-09-10/china-s-oil-stockpiling-keeps-traders-guessing-at-appec,https://feeds.bloomberg.com/economics/news.rss,2025-09-10T05:43:35.487809Z
2025-09-10,Bloomberg,Indonesia President Prabowo Fired Indrawati After She Offered to Resign Twice,2025-09-10T03:13:18Z,https://www.bloomberg.com/news/articles/2025-09-10/prabowo-fired-indrawati-after-she-offered-to-resign-twice,https://feeds.bloomberg.com/economics/news.rss,2025-09-10T05:43:35.487847Z
2025-09-10,Bloomberg,Typhoons Lift Philippines' Jobless Rate to Three-Year High,2025-09-10T02:44:39Z,https://www.bloomberg.com/news/articles/2025-09-10/typhoons-lift-philippines-jobless-rate-to-three-year-high,https://feeds.bloomberg.com/economics/news.rss,2025-09-10T05:43:35.488009Z
2025-09-10,Bloomberg,"Trump Floats New Tariffs on China, India to Squeeze Russia",2025-09-09T21:23:23Z,https://www.bloomberg.com/news/articles/2025-09-09/trump-floats-massive-tariffs-on-china-india-to-pressure-russia,https://feeds.bloomberg.com/economics/news.rss,2025-09-10T05:43:35.488045Z
2025-09-10,Bloomberg,Fed Ends Action on Sumitomo Mitsui Over Laundering Controls,2025-09-09T23:55:46Z,https://www.bloomberg.com/news/articles/2025-09-09/federal-reserve-ends-enforcement-action-against-sumitomo-mitsui,https://feeds.bloomberg.com/economics/news.rss,2025-09-10T05:43:35.488081Z
2025-09-10,Bloomberg,"From Exporters to Bond Traders, RBI Is Facing Calls to Step In",2025-09-10T00:00:00Z,https://www.bloomberg.com/news/articles/2025-09-10/from-exporters-to-bond-traders-rbi-is-facing-calls-to-step-in,https://feeds.bloomberg.com/economics/news.rss,2025-09-10T05:43:35.488117Z
2025-09-10,Bloomberg,Chile Central Bank Keeps Interest Rate at 4.75% and Emphasizes 'Wait and See' Approach,2025-09-09T20:59:20Z,https://www.bloomberg.com/news/articles/2025-09-09/chile-central-bank-keeps-interest-rate-at-4-75,https://feeds.bloomberg.com/economics/news.rss,2025-09-10T05:43:35.488215Z
2025-09-10,Bloomberg,Supreme Court to Review Trump Tariffs on Fast-Track Schedule,2025-09-09T20:30:15Z,https://www.bloomberg.com/news/articles/2025-09-09/supreme-court-will-review-trump-tariffs-on-fast-track-schedule,https://feeds.bloomberg.com/economics/news.rss,2025-09-10T05:43:35.488251Z
2025-09-10,Bloomberg,UK Seeks Greater Business Access in China,2025-09-09T21:30:00Z,https://www.bloomberg.com/news/articles/2025-09-09/uk-seeks-greater-business-access-in-china-as-kyle-rensumes-talks,https://feeds.bloomberg.com/economics/news.rss,2025-09-10T05:43:35.488286Z
2025-09-10,Bloomberg,Treasury Investors Ramp Up Bullish Positions Ahead of CPI Data,2025-09-09T20:30:08Z,https://www.bloomberg.com/news/articles/2025-09-09/treasury-bulls-out-in-force-as-wall-street-awaits-inflation-data,https://feeds.bloomberg.com/economics/news.rss,2025-09-10T05:43:35.488322Z
2025-09-10,Bloomberg,"Mexico Tariff Hikes Will Follow WTO Rules, Generate $3.8 Billion",2025-09-09T20:06:31Z,https://www.bloomberg.com/news/articles/2025-09-09/mexico-tariff-hikes-will-follow-wto-rules-generate-3-8-billion,https://feeds.bloomberg.com/economics/news.rss,2025-09-10T05:43:35.488358Z
2025-09-10,Bloomberg,"Peru Bets It Can Navigate US-China Tensions, Grow Export Markets",2025-09-09T17:02:29Z,https://www.bloomberg.com/news/articles/2025-09-09/peru-bets-it-can-navigate-us-china-tensions-grow-export-markets,https://feeds.bloomberg.com/economics/news.rss,2025-09-10T05:43:35.488395Z
2025-09-10,Bloomberg,Bank of France Sees Sustained Growth Despite Political Headwinds,2025-09-09T18:00:00Z,https://www.bloomberg.com/news/articles/2025-09-09/bank-of-france-sees-sustained-growth-despite-political-headwinds,https://feeds.bloomberg.com/economics/news.rss,2025-09-10T05:43:35.488431Z
2025-09-10,Bloomberg,Dimon Says US Economy Is Weakening After Record BLS Revision,2025-09-09T17:04:29Z,https://www.bloomberg.com/news/articles/2025-09-09/dimon-says-us-economy-is-weakening-after-record-bls-revision,https://feeds.bloomberg.com/economics/news.rss,2025-09-10T05:43:35.488467Z
2025-09-10,Bloomberg,"US Payrolls Marked Down a Record 911,000 in Preliminary Estimate",2025-09-09T14:01:23Z,https://www.bloomberg.com/news/articles/2025-09-09/us-payrolls-estimated-to-be-911-000-lower-in-year-through-march,https://feeds.bloomberg.com/economics/news.rss,2025-09-10T05:43:35.488504Z
2025-09-10,Bloomberg,French Borrowing Costs Top Italy's in Historic Market Shift,2025-09-09T08:03:06Z,https://www.bloomberg.com/news/articles/2025-09-09/french-borrowing-costs-top-italy-s-in-historic-market-shift,https://feeds.bloomberg.com/economics/news.rss,2025-09-10T05:43:35.488584Z
2025-09-10,Bloomberg,Mexico Inflation Accelerates as Banxico Reduces Easing Pace,2025-09-09T12:17:38Z,https://www.bloomberg.com/news/articles/2025-09-09/mexico-inflation-rises-more-than-expected-as-banxico-slows-cuts,https://feeds.bloomberg.com/economics/news.rss,2025-09-10T05:43:35.488618Z
2025-09-10,Bloomberg,Now vs. One Year Ago,2025-09-09T15:18:07Z,https://www.bloomberg.com/news/newsletters/2025-09-09/now-vs-one-year-ago,https://feeds.bloomberg.com/economics/news.rss,2025-09-10T05:43:35.488649Z
2025-09-10,Bloomberg,Uruguay's Finance Minister Shuns Chainsaw for Modest Tax Hikes,2025-09-09T15:15:15Z,https://www.bloomberg.com/news/articles/2025-09-09/uruguay-s-finance-minister-shuns-chainsaw-for-modest-tax-hikes,https://feeds.bloomberg.com/economics/news.rss,2025-09-10T05:43:35.488730Z
2025-09-10,Bloomberg,Staffing Crisis Unfolds at BLS With a Third of Leadership Jobs Now Vacant,2025-09-09T10:00:00Z,https://www.bloomberg.com/news/articles/2025-09-09/third-of-bls-leadership-jobs-sit-empty-at-us-economic-statistics-agency,https://feeds.bloomberg.com/economics/news.rss,2025-09-10T05:43:35.488768Z
2025-09-10,Bloomberg,Slovakia Plans €2.7 Billion in Deficit Cuts to Avert Rating Downgrades,2025-09-09T14:41:12Z,https://www.bloomberg.com/news/articles/2025-09-09/slovakia-plans-2-7b-in-deficit-cuts-to-avert-rating-downgrades,https://feeds.bloomberg.com/economics/news.rss,2025-09-10T05:43:35.488845Z
2025-09-10,Bloomberg,Reeves Says 'Not Serious' to Suggest UK May Need IMF Bailout,2025-09-09T11:53:33Z,https://www.bloomberg.com/news/articles/2025-09-09/reeves-says-not-serious-to-suggest-uk-may-need-imf-bailout,https://feeds.bloomberg.com/economics/news.rss,2025-09-10T05:43:35.488924Z
2025-09-10,Bloomberg,Citi Sees Koruna Gains as Currency Channels Monetary Tightening,2025-09-09T14:18:30Z,https://www.bloomberg.com/news/articles/2025-09-09/citi-sees-koruna-gains-as-currency-channels-monetary-tightening,https://feeds.bloomberg.com/economics/news.rss,2025-09-10T05:43:35.488960Z
2025-09-10,Bloomberg,US Treasury Taps Big Holders of 30-Year Bond in Regulatory Drill,2025-09-09T14:00:00Z,https://www.bloomberg.com/news/articles/2025-09-09/us-treasury-taps-big-holders-of-30-year-bond-in-regulatory-drill,https://feeds.bloomberg.com/economics/news.rss,2025-09-10T05:43:35.488996Z
2025-09-10,Bloomberg,S. Africa's GDP Grows at Fastest Pace in 2 Years as Risks Linger,2025-09-09T09:30:00Z,https://www.bloomberg.com/news/articles/2025-09-09/south-africa-s-economy-grows-at-fastest-pace-in-two-years,https://feeds.bloomberg.com/economics/news.rss,2025-09-10T05:43:35.489078Z
2025-09-10,Bloomberg,"Alibaba, Meituan Take China Commerce War Into Local Services",2025-09-10T01:52:02Z,https://www.bloomberg.com/news/articles/2025-09-10/alibaba-fuels-china-commerce-war-with-new-140-million-subsidies,https://feeds.bloomberg.com/technology/news.rss,2025-09-10T05:43:37.774078Z
2025-09-10,Bloomberg,Oracle Adds $190 Billion Value as Blowout Outlook Fuels AI Hopes,2025-09-09T20:15:39Z,https://www.bloomberg.com/news/articles/2025-09-09/oracle-posts-strong-bookings-following-openai-cloud-deal,https://feeds.bloomberg.com/technology/news.rss,2025-09-10T05:43:37.774120Z
2025-09-10,Bloomberg,Klarna Delivers $2.7 Billion Gain to VC Investor Sequoia Capital,2025-09-10T01:05:32Z,https://www.bloomberg.com/news/articles/2025-09-10/klarna-delivers-2-7-billion-gain-to-vc-investor-sequoia-capital,https://feeds.bloomberg.com/technology/news.rss,2025-09-10T05:43:37.774247Z
2025-09-10,Bloomberg,Apple's iPhone 17 Line Could Be the Refresh Upgraders Were Waiting For,2025-09-10T00:40:54Z,https://www.bloomberg.com/news/features/2025-09-10/apple-iphone-air-iphone-17-pro-airpods-pro-3-apple-watch-ultra-3-hands-on,https://feeds.bloomberg.com/technology/news.rss,2025-09-10T05:43:37.774411Z
2025-09-10,Bloomberg,"NAB to Cut 410 Support Roles, Shift Some Bank Work to India",2025-09-09T23:55:40Z,https://www.bloomberg.com/news/articles/2025-09-09/nab-to-cut-410-support-roles-shift-some-banking-work-to-india,https://feeds.bloomberg.com/technology/news.rss,2025-09-10T05:43:37.774449Z
2025-09-10,Bloomberg,Salesforce CEO Says Goal Is to Return to Double-Digit Growth,2025-09-10T00:24:35Z,https://www.bloomberg.com/news/articles/2025-09-10/salesforce-ceo-says-goal-is-to-return-to-double-digit-growth,https://feeds.bloomberg.com/technology/news.rss,2025-09-10T05:43:37.774485Z
2025-09-10,Bloomberg,Japan's Metaplanet Shares Slide After Pricing Overseas Offering,2025-09-09T23:06:16Z,https://www.bloomberg.com/news/articles/2025-09-09/bitcoin-proxy-metaplanet-prices-shares-at-553-in-overseas-sale,https://feeds.bloomberg.com/technology/news.rss,2025-09-10T05:43:37.774567Z
2025-09-10,Bloomberg,"Mistral Emerges as Last, Best Hope for European AI Contender",2025-09-09T17:48:18Z,https://www.bloomberg.com/news/articles/2025-09-09/mistral-emerges-as-last-best-hope-for-european-ai-contender,https://feeds.bloomberg.com/technology/news.rss,2025-09-10T05:43:37.774602Z
2025-09-10,Bloomberg,"Geopolitical Risk Prompts Rush Into Infrastructure, IFM Says",2025-09-09T23:01:00Z,https://www.bloomberg.com/news/articles/2025-09-09/geopolitical-risk-prompts-rush-into-infrastructure-ifm-says,https://feeds.bloomberg.com/technology/news.rss,2025-09-10T05:43:37.774638Z
2025-09-10,Bloomberg,Synopsys Plunges After Trade War Weighs on Its Chinese Sales,2025-09-09T21:51:14Z,https://www.bloomberg.com/news/articles/2025-09-09/synopsys-plunges-after-trade-war-weighs-on-its-chinese-sales,https://feeds.bloomberg.com/technology/news.rss,2025-09-10T05:43:37.774674Z
2025-09-10,Bloomberg,Broadcom CEO Poised for Payout If He Reaches 2030 AI Sales Goal,2025-09-09T22:28:34Z,https://www.bloomberg.com/news/articles/2025-09-09/broadcom-ceo-poised-for-payout-if-he-reaches-2030-ai-sales-goal,https://feeds.bloomberg.com/technology/news.rss,2025-09-10T05:43:37.774710Z
2025-09-10,Bloomberg,"Apple Debuts $999 iPhone Air, Betting on Ultrathin Design",2025-09-09T17:50:34Z,https://www.bloomberg.com/news/articles/2025-09-09/apple-introduces-iphone-17-lineup-including-skinnier-air-model,https://feeds.bloomberg.com/technology/news.rss,2025-09-10T05:43:37.774746Z
2025-09-10,Bloomberg,Key Takeaways From the Apple iPhone 17 Event,2025-09-09T20:57:48Z,https://www.bloomberg.com/news/videos/2025-09-09/key-takeaways-from-the-apple-iphone-17-event-video,https://feeds.bloomberg.com/technology/news.rss,2025-09-10T05:43:37.774780Z
2025-09-10,Bloomberg,Google Cloud Forecasts $58 Billion Revenue Boost by 2027,2025-09-09T19:52:01Z,https://www.bloomberg.com/news/articles/2025-09-09/google-cloud-forecasts-58-billion-revenue-boost-by-2027,https://feeds.bloomberg.com/technology/news.rss,2025-09-10T05:43:37.774816Z
2025-09-10,Bloomberg,Bloomberg Tech Live From Apple's WWDC Event | Bloomberg Tech 9/9/2025,2025-09-09T19:50:03Z,https://www.bloomberg.com/news/videos/2025-09-09/bloomberg-tech-9-9-2025-video,https://feeds.bloomberg.com/technology/news.rss,2025-09-10T05:43:37.774853Z
2025-09-10,Bloomberg,"Apple Debuts Watches With Blood-Pressure, Satellite Features",2025-09-09T17:43:54Z,https://www.bloomberg.com/news/articles/2025-09-09/apple-debuts-watches-with-new-hypertension-feature-sleep-score,https://feeds.bloomberg.com/technology/news.rss,2025-09-10T05:43:37.774888Z
2025-09-10,Bloomberg,"Apple Debuts AirPods Pro 3 With Pulse Monitoring, Better Fit",2025-09-09T17:18:18Z,https://www.bloomberg.com/news/articles/2025-09-09/apple-debuts-airpods-pro-3-with-heart-rate-monitor-better-fit,https://feeds.bloomberg.com/technology/news.rss,2025-09-10T05:43:37.774928Z
2025-09-10,Bloomberg,Javice Says $200 Million Loss Tiny to JPMorgan in Leniency Bid,2025-09-09T19:23:26Z,https://www.bloomberg.com/news/articles/2025-09-09/javice-says-200-million-loss-tiny-to-jpmorgan-in-leniency-bid,https://feeds.bloomberg.com/technology/news.rss,2025-09-10T05:43:37.774964Z
2025-09-10,Bloomberg,Apple Reveals Prices for New iPhones; Pro Models Gets $100 Increase,2025-09-09T19:14:03Z,https://www.bloomberg.com/news/videos/2025-09-09/apple-iphone-17-prices-start-at-799,https://feeds.bloomberg.com/technology/news.rss,2025-09-10T05:43:37.775000Z
2025-09-10,Bloomberg,Meta to Pay $140 Million to Use Black Forest Labs AI for Images,2025-09-09T18:38:48Z,https://www.bloomberg.com/news/articles/2025-09-09/meta-to-pay-140-million-to-use-black-forest-labs-ai-for-images,https://feeds.bloomberg.com/technology/news.rss,2025-09-10T05:43:37.775038Z
2025-09-10,Bloomberg,"Apple Announces the iPhone Air, Its Thinnest Ever",2025-09-09T18:33:33Z,https://www.bloomberg.com/news/videos/2025-09-09/apple-unveils-the-iphone-air-its-thinnest-ever-video,https://feeds.bloomberg.com/technology/news.rss,2025-09-10T05:43:37.775071Z
2025-09-10,Bloomberg,Apple Unveils the iPhone 17 Lineup,2025-09-09T18:13:23Z,https://www.bloomberg.com/news/videos/2025-09-09/apple-unveils-the-iphone-17-lineup,https://feeds.bloomberg.com/technology/news.rss,2025-09-10T05:43:37.775103Z
2025-09-10,Bloomberg,Draft Senate Bill Waives Federal Rules on AI Companies During Testing,2025-09-09T17:57:33Z,https://www.bloomberg.com/news/articles/2025-09-09/cruz-ai-bill-takes-shape-with-light-touch-policy-backed-by-tech,https://feeds.bloomberg.com/technology/news.rss,2025-09-10T05:43:37.775171Z
2025-09-10,Bloomberg,Apple Unveils the AirPods Pro 3,2025-09-09T17:52:38Z,https://www.bloomberg.com/news/videos/2025-09-09/apple-unveils-the-airpods-pro-3,https://feeds.bloomberg.com/technology/news.rss,2025-09-10T05:43:37.775203Z
2025-09-10,Bloomberg,"Europe Space Merger Talks Progress With Airbus, Thales, Leonardo",2025-09-09T16:45:59Z,https://www.bloomberg.com/news/articles/2025-09-09/airbus-thales-leonardo-space-merger-plan-is-said-to-progress,https://feeds.bloomberg.com/technology/news.rss,2025-09-10T05:43:37.775239Z
2025-09-10,Bloomberg,Revolut Plans UAE Debut After Securing Central Bank Approval,2025-09-09T08:00:32Z,https://www.bloomberg.com/news/articles/2025-09-09/revolut-plans-uae-debut-after-securing-central-bank-approval,https://feeds.bloomberg.com/technology/news.rss,2025-09-10T05:43:37.775274Z
2025-09-10,Bloomberg,Apple Touts iPhone 17 Pro With Improved Performance,2025-09-09T15:50:33Z,https://www.bloomberg.com/news/live-blog/2025-09-09/apple-s-iphone-17-introduction,https://feeds.bloomberg.com/technology/news.rss,2025-09-10T05:43:37.775309Z
2025-09-10,Bloomberg,Microsoft Orders Employees Back to Office 3 Days Per Week,2025-09-09T15:16:46Z,https://www.bloomberg.com/news/articles/2025-09-09/microsoft-orders-employees-back-to-offices-3-days-per-week,https://feeds.bloomberg.com/technology/news.rss,2025-09-10T05:43:37.775344Z
2025-09-10,Bloomberg,Trump's Israel Strike Criticism Highlights Gaza Risk,2025-09-10T05:35:19Z,https://www.bloomberg.com/news/videos/2025-09-10/trump-s-israel-strike-criticism-highlights-gaza-risk,https://feeds.bloomberg.com/business/news.rss,2025-09-10T05:43:39.947159Z
2025-09-10,Bloomberg,France Gets Its Fifth Prime Minister in Two Years,2025-09-10T05:33:35Z,https://www.bloomberg.com/news/newsletters/2025-09-10/france-gets-its-fifth-prime-minister-in-two-years,https://feeds.bloomberg.com/business/news.rss,2025-09-10T05:43:39.947199Z
2025-09-10,Bloomberg,"KKR, Blackstone Help India Become Asia's Private Equity HQ",2025-09-10T00:00:00Z,https://www.bloomberg.com/news/articles/2025-09-10/kkr-blackstone-turn-india-into-asia-s-buyout-hq-after-china-dip,https://feeds.bloomberg.com/business/news.rss,2025-09-10T05:43:39.947404Z
2025-09-10,Bloomberg,ICE Raid Disrupts Construction at LG Energy Plants Across US,2025-09-10T02:57:11Z,https://www.bloomberg.com/news/articles/2025-09-10/us-raid-disrupts-construction-at-multiple-korean-battery-plants,https://feeds.bloomberg.com/business/news.rss,2025-09-10T05:43:39.947441Z
2025-09-10,Bloomberg,Why Stocks Live in an Alternate Reality,2025-09-10T04:00:46Z,https://www.bloomberg.com/opinion/newsletters/2025-09-10/why-stocks-live-in-an-alternate-reality,https://feeds.bloomberg.com/business/news.rss,2025-09-10T05:43:39.947510Z
2025-09-10,Bloomberg,"Judge Says Fed Gov Cook Can Stay, Israel Qatar Strike, More",2025-09-10T03:33:13Z,https://www.bloomberg.com/news/audio/2025-09-10/judge-says-fed-gov-cook-can-stay-israel-qatar-strike-more,https://feeds.bloomberg.com/business/news.rss,2025-09-10T05:43:39.947545Z
2025-09-10,Bloomberg,Monte Paschi Got the Deal. It's No Win for Italy,2025-09-10T03:00:18Z,https://www.bloomberg.com/opinion/articles/2025-09-10/monte-paschi-s-mediobanca-deal-is-no-win-for-italy,https://feeds.bloomberg.com/business/news.rss,2025-09-10T05:43:39.947618Z
2025-09-10,Bloomberg,"Judge Blocks Lisa Cook Firing, Israel's Qatar Attack, More",2025-09-10T02:43:13Z,https://www.bloomberg.com/news/audio/2025-09-10/judge-blocks-lisa-cook-firing-israel-s-qatar-attack-more,https://feeds.bloomberg.com/business/news.rss,2025-09-10T05:43:39.947653Z
2025-09-10,Bloomberg,"Trump Can't Fire Fed's Cook, Israel Targets Hamas Leadership",2025-09-10T02:14:59Z,https://www.bloomberg.com/news/audio/2025-09-10/trump-can-t-fire-fed-s-cook-israel-targets-hamas-leadership,https://feeds.bloomberg.com/business/news.rss,2025-09-10T05:43:39.947688Z
2025-09-10,Bloomberg,"Trump Responds to Israel Attack, Court to Weigh in on Tariffs",2025-09-10T01:09:21Z,https://www.bloomberg.com/news/audio/2025-09-10/trump-responds-to-israel-attack-court-to-weigh-in-on-tariffs,https://feeds.bloomberg.com/business/news.rss,2025-09-10T05:43:39.947797Z
2025-09-10,Bloomberg,Trump 'Unhappy' With Israel Strike on Hamas in Qatar,2025-09-10T01:09:12Z,https://www.bloomberg.com/news/videos/2025-09-10/trump-unhappy-with-israel-strike-on-hamas-in-qatar,https://feeds.bloomberg.com/business/news.rss,2025-09-10T05:43:39.947831Z
2025-09-10,Bloomberg,Bloomberg Daybreak Asia: US Jobs Outlook Cools (Podcast),2025-09-10T00:53:33Z,https://www.bloomberg.com/news/audio/2025-09-10/bloomberg-daybreak-asia-us-jobs-outlook-cools-podcast,https://feeds.bloomberg.com/business/news.rss,2025-09-10T05:43:39.947867Z
2025-09-10,Bloomberg,Singapore Plans to Buy Four Boeing Maritime Patrol Aircraft,2025-09-10T00:47:26Z,https://www.bloomberg.com/news/articles/2025-09-10/singapore-plans-to-buy-four-boeing-maritime-patrol-aircraft,https://feeds.bloomberg.com/business/news.rss,2025-09-10T05:43:39.947901Z
2025-09-10,Bloomberg,Containers Fall Off Ship Into Water at Long Beach Port,2025-09-10T00:22:33Z,https://www.bloomberg.com/news/videos/2025-09-10/containers-fall-off-ship-into-water-at-long-beach-port,https://feeds.bloomberg.com/business/news.rss,2025-09-10T05:43:39.948036Z
2025-09-10,Bloomberg,"Israel Attacks Hamas in Qatar, Tariff Case Heads to Court, More",2025-09-10T00:16:16Z,https://www.bloomberg.com/news/audio/2025-09-10/israel-attacks-hamas-in-qatar-tariff-case-heads-to-court-more,https://feeds.bloomberg.com/business/news.rss,2025-09-10T05:43:39.948072Z
2025-09-10,Bloomberg,SCOTUS Will Fast-Track Trump Tariffs Review | Balance of Power Late Edition 9/09/2025,2025-09-09T23:52:54Z,https://www.bloomberg.com/news/videos/2025-09-09/balance-of-power-late-edition-9-09-2025-video,https://feeds.bloomberg.com/business/news.rss,2025-09-10T05:43:39.948113Z
2025-09-10,Bloomberg,"Israel Strikes Hamas in Qatar, Court to Hear Tariff Case, More",2025-09-09T23:08:34Z,https://www.bloomberg.com/news/audio/2025-09-09/israel-strikes-hamas-in-qatar-court-to-hear-tariff-case-more,https://feeds.bloomberg.com/business/news.rss,2025-09-10T05:43:39.948148Z
2025-09-10,Bloomberg,Bloomberg Law: SCOTUS Lifts Restrictions on ICE Stops (Podcast),2025-09-09T22:59:04Z,https://www.bloomberg.com/news/audio/2025-09-09/bloomberg-law-scotus-lifts-restrictions-on-ice-stops-podcast,https://feeds.bloomberg.com/business/news.rss,2025-09-10T05:43:39.948185Z
2025-09-10,Bloomberg,"Future Fund Trims US Exposure, Monitors Trump's Fed Attacks",2025-09-09T22:51:12Z,https://www.bloomberg.com/news/newsletters/2025-09-09/future-fund-s-us-caution-lachlan-murdoch-consumer-mood-australia-briefing,https://feeds.bloomberg.com/business/news.rss,2025-09-10T05:43:39.948264Z
2025-09-10,Bloomberg,More Bad US Unemployment News Spurs Dimon Warning,2025-09-09T22:40:47Z,https://www.bloomberg.com/news/newsletters/2025-09-09/more-bad-us-unemployment-news-spurs-dimon-warning-evening-briefing,https://feeds.bloomberg.com/business/news.rss,2025-09-10T05:43:39.948298Z
2025-09-10,Bloomberg,"Rep. Lawler on Epstein Letter, Shutdown Concerns",2025-09-09T22:35:38Z,https://www.bloomberg.com/news/videos/2025-09-09/rep-lawler-on-epstein-letter-shutdown-concerns-video,https://feeds.bloomberg.com/business/news.rss,2025-09-10T05:43:39.948332Z
2025-09-10,Bloomberg,Humans Still Rule This Giant Market Upheaval,2025-09-10T04:00:18Z,https://www.bloomberg.com/opinion/articles/2025-09-10/in-the-s-p-500-rebalancing-humans-trump-algos,https://feeds.bloomberg.com/bview/news.rss,2025-09-10T05:43:42.140883Z
2025-09-10,Bloomberg,Kering's New CEO Has the Toughest Job in Luxury,2025-09-10T03:30:18Z,https://www.bloomberg.com/opinion/articles/2025-09-10/kering-s-new-ceo-has-the-toughest-job-in-luxury,https://feeds.bloomberg.com/bview/news.rss,2025-09-10T05:43:42.140966Z
2025-09-10,Bloomberg,China's Marshall Plan Is Running on Batteries,2025-09-09T23:00:20Z,https://www.bloomberg.com/opinion/articles/2025-09-09/china-is-winning-its-power-play-for-the-global-south,https://feeds.bloomberg.com/bview/news.rss,2025-09-10T05:43:42.141112Z
2025-09-10,Bloomberg,ICE Is Hiring a Public Affairs Specialist? Good Luck With That,2025-09-09T21:24:49Z,https://www.bloomberg.com/opinion/newsletters/2025-09-09/ice-is-hiring-a-public-affairs-specialist-after-hyundai-plant-raid,https://feeds.bloomberg.com/bview/news.rss,2025-09-10T05:43:42.141178Z
2025-09-10,Bloomberg,China's Car Market Is Too Big for Its Own Good,2025-09-09T20:28:17Z,https://www.bloomberg.com/opinion/articles/2025-09-09/china-s-car-market-is-too-big-for-its-own-good,https://feeds.bloomberg.com/bview/news.rss,2025-09-10T05:43:42.141249Z
2025-09-10,Bloomberg,India Needed Tax Reform. It Got a New Rate Card,2025-09-09T20:00:18Z,https://www.bloomberg.com/opinion/articles/2025-09-09/india-needed-tax-reform-it-got-a-new-rate-card,https://feeds.bloomberg.com/bview/news.rss,2025-09-10T05:43:42.141284Z
2025-09-10,Bloomberg,Who Actually Wants a Thinner iPhone?,2025-09-09T19:30:48Z,https://www.bloomberg.com/opinion/articles/2025-09-09/iphone-air-thinner-device-comes-with-battery-and-camera-trade-offs,https://feeds.bloomberg.com/bview/news.rss,2025-09-10T05:43:42.141316Z
2025-09-10,Bloomberg,Prabowo Is Testing Investors' Trust With His Finance Plan,2025-09-09T19:00:18Z,https://www.bloomberg.com/opinion/articles/2025-09-09/prabowo-is-testing-investors-trust-with-his-finance-plan,https://feeds.bloomberg.com/bview/news.rss,2025-09-10T05:43:42.141395Z
2025-09-10,Bloomberg,Stablecoin Treasury Company,2025-09-09T18:05:49Z,https://www.bloomberg.com/opinion/newsletters/2025-09-09/stablecoin-treasury-company,https://feeds.bloomberg.com/bview/news.rss,2025-09-10T05:43:42.141427Z
2025-09-10,Bloomberg,The Big BLS Revision Isn't a Conspiracy,2025-09-09T17:15:46Z,https://www.bloomberg.com/opinion/articles/2025-09-09/bls-jobs-revision-isn-t-a-conspiracy,https://feeds.bloomberg.com/bview/news.rss,2025-09-10T05:43:42.141494Z
2025-09-10,Bloomberg,"Israel's Qatar Bombing Presages a New Normal, Not a Finale",2025-09-09T16:50:28Z,https://www.bloomberg.com/opinion/articles/2025-09-09/israel-qatar-attack-against-hamas-presages-a-new-normal,https://feeds.bloomberg.com/bview/news.rss,2025-09-10T05:43:42.141572Z
2025-09-10,Bloomberg,Could the WNBA Have Prevented Caitlin Clark's Injury?,2025-09-09T12:00:18Z,https://www.bloomberg.com/opinion/articles/2025-09-09/caitlin-clark-will-not-be-in-the-wnba-playoffs-whose-fault-is-it,https://feeds.bloomberg.com/bview/news.rss,2025-09-10T05:43:42.141647Z
2025-09-10,Bloomberg,Teck Sells Itself on the Cheap to Anglo American,2025-09-09T11:37:22Z,https://www.bloomberg.com/opinion/articles/2025-09-09/mining-deal-teck-sells-itself-on-the-cheap-to-anglo-american,https://feeds.bloomberg.com/bview/news.rss,2025-09-10T05:43:42.141682Z
2025-09-10,Bloomberg,Gen Z Is Bucking a Terrible Mortality Trend,2025-09-09T11:30:18Z,https://www.bloomberg.com/opinion/articles/2025-09-09/gen-z-is-bucking-a-terrible-mortality-trend,https://feeds.bloomberg.com/bview/news.rss,2025-09-10T05:43:42.141715Z
2025-09-10,Bloomberg,Government Shutdowns Never Help the Instigators,2025-09-09T10:30:18Z,https://www.bloomberg.com/opinion/articles/2025-09-09/government-shutdowns-never-help-the-instigators,https://feeds.bloomberg.com/bview/news.rss,2025-09-10T05:43:42.141749Z
2025-09-10,Bloomberg,RFK Jr.'s Vision for the CDC Should Alarm Congress,2025-09-09T10:00:20Z,https://www.bloomberg.com/opinion/articles/2025-09-09/rfk-jr-s-cdc-plans-should-alarm-congress-and-the-public,https://feeds.bloomberg.com/bview/news.rss,2025-09-10T05:43:42.141823Z
2025-09-10,Bloomberg,The ICE Raid on the Georgia Hyundai Plant Makes No Sense,2025-09-09T10:00:18Z,https://www.bloomberg.com/opinion/articles/2025-09-09/ice-raid-on-georgia-hyundai-site-undercuts-trump-s-own-goals,https://feeds.bloomberg.com/bview/news.rss,2025-09-10T05:43:42.141883Z
2025-09-10,Bloomberg,Milei's Big Loss in Buenos Aires Offers a Teachable Moment,2025-09-09T09:30:18Z,https://www.bloomberg.com/opinion/articles/2025-09-09/milei-s-big-loss-in-buenos-aires-elections-offers-a-teachable-moment,https://feeds.bloomberg.com/bview/news.rss,2025-09-10T05:43:42.141961Z
2025-09-10,Bloomberg,China's Pipeline Diplomacy Is a Nightmare for US Gas,2025-09-09T09:00:18Z,https://www.bloomberg.com/opinion/articles/2025-09-09/russian-gas-pipeline-to-china-risks-trump-s-energy-dominance,https://feeds.bloomberg.com/bview/news.rss,2025-09-10T05:43:42.142059Z
2025-09-10,Bloomberg,French Crisis Is a Swan Song for the Macron Era,2025-09-09T08:40:32Z,https://www.bloomberg.com/opinion/articles/2025-09-09/french-politics-a-swan-song-for-france-s-macron-era,https://feeds.bloomberg.com/bview/news.rss,2025-09-10T05:43:42.142094Z
2025-09-10,Bloomberg,How UK Students Should Approach Their Finances,2025-09-10T04:00:20Z,https://www.bloomberg.com/news/articles/2025-09-10/podcast-how-uk-students-should-approach-their-finances,https://feeds.bloomberg.com/wealth/news.rss,2025-09-10T05:43:44.312367Z
2025-09-10,Bloomberg,Ellison Rivals Musk as World's Richest Man With $70 Billion Gain,2025-09-10T03:50:43Z,https://www.bloomberg.com/news/articles/2025-09-10/oracle-co-founder-larry-ellison-closes-in-on-elon-musk-as-world-s-richest-man,https://feeds.bloomberg.com/wealth/news.rss,2025-09-10T05:43:44.312466Z
2025-09-10,Bloomberg,Billionaire Family Builds Black Film Bet With Music Royalty Firm,2025-09-09T14:00:00Z,https://www.bloomberg.com/news/articles/2025-09-09/billionaire-family-builds-black-film-bet-with-music-royalty-firm,https://feeds.bloomberg.com/wealth/news.rss,2025-09-10T05:43:44.312505Z
2025-09-10,Bloomberg,Baird Acquires Stake in Canada's Sagard in Private Funds Push,2025-09-09T12:05:44Z,https://www.bloomberg.com/news/articles/2025-09-09/baird-acquires-stake-in-canada-s-sagard-in-private-funds-push,https://feeds.bloomberg.com/wealth/news.rss,2025-09-10T05:43:44.312587Z
2025-09-10,Bloomberg,NYC Developers Build 99-Unit Buildings to Avoid Wage Requirements,2025-09-09T12:00:20Z,https://www.bloomberg.com/news/articles/2025-09-09/nyc-apartment-construction-wage-requirement-leads-to-99-unit-buildings,https://feeds.bloomberg.com/wealth/news.rss,2025-09-10T05:43:44.312624Z
2025-09-10,Bloomberg,Goldman Wins $40 Billion Mandate for Shell Pension Assets,2025-09-09T06:00:00Z,https://www.bloomberg.com/news/articles/2025-09-09/goldman-lands-40-billion-mandate-from-shell-for-pension-assets,https://feeds.bloomberg.com/wealth/news.rss,2025-09-10T05:43:44.312660Z
2025-09-10,CNBC,Important inflation reports this week expected to show prices still on the rise,2025-09-09T21:04:26Z,https://www.cnbc.com/2025/09/09/inflation-reports-this-week-expected-to-show-prices-still-on-the-rise.html,https://search.cnbc.com/rs/search/combinedcms/view.xml?partnerId=wrss01&id=20910258,2025-09-10T05:43:46.610573Z
2025-09-10,CNBC,U.S. economy is worse than thought with 1.2 million fewer jobs - what that means for the Fed,2025-09-09T17:56:25Z,https://www.cnbc.com/2025/09/09/us-economy-is-worse-than-thought-with-1point2-million-fewer-jobs-what-that-means-for-the-fed.html,https://search.cnbc.com/rs/search/combinedcms/view.xml?partnerId=wrss01&id=20910258,2025-09-10T05:43:46.610693Z
2025-09-10,CNBC,"Job growth revised down by 911,000 through March, signaling economy on shakier footing than realized",2025-09-09T16:58:46Z,https://www.cnbc.com/2025/09/09/jobs-report-revisions-september-2025-.html,https://search.cnbc.com/rs/search/combinedcms/view.xml?partnerId=wrss01&id=20910258,2025-09-10T05:43:46.610737Z
2025-09-10,CNBC,Record share of U.S. businesses divert China investments. Top choice: Southeast Asia,2025-09-10T03:35:37Z,https://www.cnbc.com/2025/09/10/record-share-of-us-businesses-divert-china-investments-amcham-shanghai-.html,https://search.cnbc.com/rs/search/combinedcms/view.xml?partnerId=wrss01&id=10000664,2025-09-10T05:43:48.799238Z
2025-09-10,CNBC,"Klarna prices IPO at $40, above online lender's expected range",2025-09-10T00:46:58Z,https://www.cnbc.com/2025/09/09/klarna-prices-ipo-at-40-above-online-lenders-expected-range-.html,https://search.cnbc.com/rs/search/combinedcms/view.xml?partnerId=wrss01&id=10000664,2025-09-10T05:43:48.799280Z
2025-09-10,CNBC,"Stocks making the biggest moves after hours: Oracle, GameStop, Synopsys and more",2025-09-09T21:17:11Z,https://www.cnbc.com/2025/09/09/stocks-making-the-biggest-moves-after-hours-orcl-gme-snps.html,https://search.cnbc.com/rs/search/combinedcms/view.xml?partnerId=wrss01&id=10000664,2025-09-10T05:43:48.799320Z
2025-09-10,CNBC,JPMorgan CEO Jamie Dimon says the economy 'is weakening',2025-09-09T18:56:03Z,https://www.cnbc.com/2025/09/09/jpmorgan-jamie-dimon-economy.html,https://search.cnbc.com/rs/search/combinedcms/view.xml?partnerId=wrss01&id=10000664,2025-09-10T05:43:48.799357Z
2025-09-10,CNBC,Fund aims to let investors tail Bill Ackman's trades following success of Warren Buffett copycat ETF,2025-09-09T16:33:44Z,https://www.cnbc.com/2025/09/09/bill-ackman-focused-etf-launches.html,https://search.cnbc.com/rs/search/combinedcms/view.xml?partnerId=wrss01&id=10000664,2025-09-10T05:43:48.799451Z
2025-09-10,CNBC,"Stocks making the biggest moves midday: UnitedHealth, Kingsoft Cloud, Brighthouse Financial and more",2025-09-09T17:55:48Z,https://www.cnbc.com/2025/09/09/stocks-making-the-biggest-moves-midday-unh-kc-bhf.html,https://search.cnbc.com/rs/search/combinedcms/view.xml?partnerId=wrss01&id=10000664,2025-09-10T05:43:48.799503Z
2025-09-10,CNBC,"Stocks making the biggest moves premarket: Fox, Apple, Nebius Group, Dell Technologies and more",2025-09-09T14:58:27Z,https://www.cnbc.com/2025/09/09/stocks-making-the-biggest-moves-premarket-fox-aapl-nbius-dell-.html,https://search.cnbc.com/rs/search/combinedcms/view.xml?partnerId=wrss01&id=10000664,2025-09-10T05:43:48.799546Z
2025-09-10,CNBC,Alibaba leads $100 million investment in Chinese humanoid robot startup,2025-09-10T02:00:40Z,https://www.cnbc.com/2025/09/08/alibaba-leads-100-million-investment-in-chinese-humanoid-robot-startup.html,https://search.cnbc.com/rs/search/combinedcms/view.xml?partnerId=wrss01&id=10000664,2025-09-10T05:43:48.799590Z
2025-09-10,CNBC,Ford rolls out new ad campaign amid industry-wide uncertainty,2025-09-10T04:01:01Z,https://www.cnbc.com/2025/09/10/ford-ad-campaign-ready-set-ford.html,https://search.cnbc.com/rs/search/combinedcms/view.xml?partnerId=wrss01&id=10001147,2025-09-10T05:43:51.050419Z
2025-09-10,CNBC,Hyundai immigration raid could leave other businesses reassessing their workforces,2025-09-09T19:56:28Z,https://www.cnbc.com/2025/09/09/hyundai-immigration-raid-business-effect.html,https://search.cnbc.com/rs/search/combinedcms/view.xml?partnerId=wrss01&id=10001147,2025-09-10T05:43:51.050473Z
2025-09-10,CNBC,"One year in, Brian Niccol's Starbucks looks different - but there are still more changes coming",2025-09-09T16:00:35Z,https://www.cnbc.com/2025/09/09/starbucks-ceo-brian-niccol-starbucks-turnaround-plan-one-year.html,https://search.cnbc.com/rs/search/combinedcms/view.xml?partnerId=wrss01&id=10001147,2025-09-10T05:43:51.050680Z
2025-09-10,CNBC,Cracker Barrel suspends restaurant remodels after logo controversy,2025-09-09T19:23:09Z,https://www.cnbc.com/2025/09/09/cracker-barrel-restaurant-remodels-logo-controversy.html,https://search.cnbc.com/rs/search/combinedcms/view.xml?partnerId=wrss01&id=10001147,2025-09-10T05:43:51.050717Z
2025-09-10,CNBC,Airbus CEO reaffirms delivery guidance for 2025,2025-09-09T18:13:17Z,https://www.cnbc.com/2025/09/09/airbus-ceo-guillaume-faury-delivery-guidance.html,https://search.cnbc.com/rs/search/combinedcms/view.xml?partnerId=wrss01&id=10001147,2025-09-10T05:43:51.050752Z
2025-09-10,CNBC,Doing business in China? Factor in deflation,2025-09-09T16:11:37Z,https://www.cnbc.com/2025/09/09/china-business-economy-deflation.html,https://search.cnbc.com/rs/search/combinedcms/view.xml?partnerId=wrss01&id=10001147,2025-09-10T05:43:51.050786Z
2025-09-10,CNBC,Shake Shack launches French onion soup items as it leans into premium promotions,2025-09-09T13:00:01Z,https://www.cnbc.com/2025/09/09/shake-shack-launches-french-onion-soup-burger.html,https://search.cnbc.com/rs/search/combinedcms/view.xml?partnerId=wrss01&id=10001147,2025-09-10T05:43:51.050822Z
2025-09-10,CNBC,AI tech talent is juicing these real estate markets,2025-09-09T12:00:01Z,https://www.cnbc.com/2025/09/09/ai-tech-talent-real-estate-markets.html,https://search.cnbc.com/rs/search/combinedcms/view.xml?partnerId=wrss01&id=10001147,2025-09-10T05:43:51.050856Z
2025-09-10,CNBC,Carlyle to partner with Red Bull F1 team as private markets look to build brand awareness,2025-09-09T19:21:19Z,https://www.cnbc.com/2025/09/09/carlyle-red-bull-f1-pe.html,https://search.cnbc.com/rs/search/combinedcms/view.xml?partnerId=wrss01&id=10001147,2025-09-10T05:43:51.050895Z
2025-09-10,CNBC,Trump blocked from firing Fed Governor Lisa Cook as lawsuit plays out,2025-09-10T04:05:49Z,https://www.cnbc.com/2025/09/09/fed-lisa-cook-trump-powell-judge-jia-cobb-pulte.html,https://search.cnbc.com/rs/search/combinedcms/view.xml?partnerId=wrss01&id=100003114,2025-09-10T05:43:55.550803Z
2025-09-10,CNBC,'We're all kind of in shock.' Oracle's revenue projections leave analysts slack-jawed,2025-09-10T00:51:37Z,https://www.cnbc.com/2025/09/09/were-all-kind-of-in-shock-oracle-projections-analysts-slackjawed.html,https://search.cnbc.com/rs/search/combinedcms/view.xml?partnerId=wrss01&id=100003114,2025-09-10T05:43:55.550847Z
2025-09-10,CNBC,Trump presses European Union to impose 100% tariffs on India and China to pressure Putin,2025-09-10T03:03:32Z,https://www.cnbc.com/2025/09/10/trump-presses-european-union-to-impose-100percent-tariffs-on-india-and-china-to-squeeze-putin.html,https://search.cnbc.com/rs/search/combinedcms/view.xml?partnerId=wrss01&id=100003114,2025-09-10T05:43:55.550888Z
2025-09-10,CNBC,"Wegovy-maker Novo Nordisk to cut around 9,000 jobs",2025-09-10T05:41:57Z,https://www.cnbc.com/2025/09/10/wegovy-maker-novo-nordisk-to-cut-around-9000-jobs.html,https://search.cnbc.com/rs/search/combinedcms/view.xml?partnerId=wrss01&id=100003114,2025-09-10T05:43:55.550924Z
2025-09-10,CNBC,"Rate cuts could prompt investors to step out of cash into bonds, says Bone Fide Wealth's Doug Boneparth",2025-09-09T22:28:01Z,https://www.cnbc.com/2025/09/09/fed-rate-cuts-could-prompt-investors-to-step-into-bonds-says-doug-boneparth.html,https://search.cnbc.com/rs/search/combinedcms/view.xml?partnerId=wrss01&id=100003114,2025-09-10T05:43:55.550965Z
2025-09-10,CNBC,Retail investors' growing access to private markets in Europe could be a double-edged sword,2025-09-10T05:29:23Z,https://www.cnbc.com/2025/09/10/retail-investors-access-to-private-markets-could-be-double-edged.html,https://search.cnbc.com/rs/search/combinedcms/view.xml?partnerId=wrss01&id=100003114,2025-09-10T05:43:55.551005Z
2025-09-10,CNBC,Europe's hotly contested ban on new gasoline cars is back in the spotlight,2025-09-10T05:31:25Z,https://www.cnbc.com/2025/09/10/ice-2035-ban-auto-giants-lock-horns-over-eu-carbon-regulation-at-iaa.html,https://search.cnbc.com/rs/search/combinedcms/view.xml?partnerId=wrss01&id=100003114,2025-09-10T05:43:55.551042Z
2025-09-10,CNBC,"Everything Apple just announced: iPhone 17 Air, AirPods Pro 3, Apple Watch Series 11 and more",2025-09-09T20:59:31Z,https://www.cnbc.com/2025/09/09/live-updates-apple-event-iphone17-airpods-ios26.html,https://search.cnbc.com/rs/search/combinedcms/view.xml?partnerId=wrss01&id=100003114,2025-09-10T05:43:55.551117Z
2025-09-10,CNBC,"Aggressive buybacks are giving some companies an edge, Jim Cramer says",2025-09-09T22:56:03Z,https://www.cnbc.com/2025/09/09/aggressive-buybacks-are-giving-some-companies-an-edge-jim-cramer-says.html,https://search.cnbc.com/rs/search/combinedcms/view.xml?partnerId=wrss01&id=100003114,2025-09-10T05:43:55.551153Z
2025-09-10,CNBC,"Stocks close at record highs despite job worries, looming inflation reports",2025-09-09T20:17:28Z,https://www.cnbc.com/2025/09/08/stock-market-today-live-updates.html,https://search.cnbc.com/rs/search/combinedcms/view.xml?partnerId=wrss01&id=100003114,2025-09-10T05:43:55.551261Z
2025-09-10,CNBC,Apple raises iPhone Pro starting price in U.S. for first time since 2017,2025-09-09T20:15:42Z,https://www.cnbc.com/2025/09/09/apple-iphone-price-pro-max-us.html,https://search.cnbc.com/rs/search/combinedcms/view.xml?partnerId=wrss01&id=100003114,2025-09-10T05:43:55.551297Z
2025-09-10,CNBC,China's consumer prices fall more than expected in August as deflation woes persist,2025-09-10T04:33:43Z,https://www.cnbc.com/2025/09/10/china-cpi-august-deflation-.html,https://search.cnbc.com/rs/search/combinedcms/view.xml?partnerId=wrss01&id=100003114,2025-09-10T05:43:55.551334Z
2025-09-10,CNBC,"This nuclear stock is a one-stop shop to play the nuclear power resurgence, CLSA says",2025-09-09T19:35:12Z,https://www.cnbc.com/2025/09/09/cameco-ccj-nuclear-power-renaissance-reactor-uranium.html,https://search.cnbc.com/rs/search/combinedcms/view.xml?partnerId=wrss01&id=100003114,2025-09-10T05:43:55.551372Z
2025-09-10,CNBC,Asia-Pacific markets track Wall Street gains as Fed rate-cut hopes rise,2025-09-10T04:43:22Z,https://www.cnbc.com/2025/09/10/asia-markets-china-inflation-data-south-korea-unemployment.html,https://search.cnbc.com/rs/search/combinedcms/view.xml?partnerId=wrss01&id=100003114,2025-09-10T05:43:55.551408Z
2025-09-10,CNBC,Supreme Court will hear Trump tariffs case on fast track,2025-09-09T23:03:50Z,https://www.cnbc.com/2025/09/09/trump-tariffs-trade-supreme-court-.html,https://search.cnbc.com/rs/search/combinedcms/view.xml?partnerId=wrss01&id=100003114,2025-09-10T05:43:55.551443Z
2025-09-10,CNBC,"Poland closes key airports following Russian strikes on western Ukraine, U.S. aviation body says",2025-09-10T02:19:53Z,https://www.cnbc.com/2025/09/10/poland-closes-key-airports-following-russian-strikes-on-western-ukraine-us-aviation-body-says.html,https://search.cnbc.com/rs/search/combinedcms/view.xml?partnerId=wrss01&id=100003114,2025-09-10T05:43:55.551482Z
2025-09-10,CNBC,Oracle pops 27% on cloud growth projections even as earnings miss estimates,2025-09-09T22:28:28Z,https://www.cnbc.com/2025/09/09/oracle-orcl-q1-earnings-report-2026.html,https://search.cnbc.com/rs/search/combinedcms/view.xml?partnerId=wrss01&id=100003114,2025-09-10T05:43:55.551519Z
2025-09-10,CNBC,Apple's iPhone 17 lineup has enough spark to buy the company more time on AI,2025-09-09T21:37:44Z,https://www.cnbc.com/2025/09/09/apples-iphone-17-lineup-has-enough-spark-to-buy-the-company-more-time-on-ai.html,https://search.cnbc.com/rs/search/combinedcms/view.xml?partnerId=wrss01&id=100003114,2025-09-10T05:43:55.551556Z
2025-09-10,CNBC,"Detained South Korean workers to depart U.S. on Wednesday, Yonhap reports",2025-09-10T01:15:09Z,https://www.cnbc.com/2025/09/10/detained-south-korean-workers-to-depart-us-on-wednesday-yonhap-reports.html,https://search.cnbc.com/rs/search/combinedcms/view.xml?partnerId=wrss01&id=100003114,2025-09-10T05:43:55.551629Z
2025-09-10,CNBC,Uranium market heats up on nuclear revival hopes,2025-09-09T22:48:25Z,https://www.cnbc.com/2025/09/10/uranium-market-heats-up-on-nuclear-revival-hopes.html,https://search.cnbc.com/rs/search/combinedcms/view.xml?partnerId=wrss01&id=100003114,2025-09-10T05:43:55.551662Z
2025-09-10,CNBC,Trump signs memo to crack down on direct-to-consumer pharma ads,2025-09-09T22:45:32Z,https://www.cnbc.com/2025/09/09/trump-signs-memo-to-crack-down-on-direct-to-consumer-pharma-ads.html,https://search.cnbc.com/rs/search/combinedcms/view.xml?partnerId=wrss01&id=100003114,2025-09-10T05:43:55.551697Z
2025-09-10,CNBC,OpenAI CFO says companies who are not embracing AI fast enough will 'get left behind',2025-09-09T21:25:00Z,https://www.cnbc.com/2025/09/09/openai-ai-companies-cfo-friar.html,https://search.cnbc.com/rs/search/combinedcms/view.xml?partnerId=wrss01&id=100003114,2025-09-10T05:43:55.551736Z
2025-09-10,CNBC,China's Unitree heats up humanoid robot race as IPO valuation reportedly hits $7 billion,2025-09-09T23:35:00Z,https://www.cnbc.com/2025/09/09/chinas-unitree-plans-7-billion-ipo-valuation-as-humanoid-robot-race-heats-up.html,https://search.cnbc.com/rs/search/combinedcms/view.xml?partnerId=wrss01&id=100003114,2025-09-10T05:43:55.551843Z
2025-09-10,CNBC,Princeton researcher Tsurkov released from militia captivity in Iraq,2025-09-10T00:28:25Z,https://www.cnbc.com/2025/09/09/princeton-researcher-tsurkov-released-from-militia-captivity-in-iraq.html,https://search.cnbc.com/rs/search/combinedcms/view.xml?partnerId=wrss01&id=100003114,2025-09-10T05:43:55.551878Z
2025-09-10,CNBC,"Congress will do 'what's right' if Trump's tariffs are tossed by Supreme Court, House tax committee chair says",2025-09-09T21:49:28Z,https://www.cnbc.com/2025/09/09/trump-tariffs-supreme-court-congress-smith.html,https://search.cnbc.com/rs/search/combinedcms/view.xml?partnerId=wrss01&id=15837362,2025-09-10T05:43:59.952753Z
2025-09-10,CNBC,"White House says jobs revision proves Biden economy a 'disaster,' BLS is 'broken,' Powell was 'too late'",2025-09-09T16:23:55Z,https://www.cnbc.com/2025/09/09/white-house-biden-powell-trump-jobs-.html,https://search.cnbc.com/rs/search/combinedcms/view.xml?partnerId=wrss01&id=15837362,2025-09-10T05:43:59.953004Z
2025-09-10,CNBC,Microsoft says employees will be expected in office three days a week,2025-09-09T17:59:16Z,https://www.cnbc.com/2025/09/09/microsoft-says-employees-will-be-expected-in-office-three-days-a-week.html,https://search.cnbc.com/rs/search/combinedcms/view.xml?partnerId=wrss01&id=15837362,2025-09-10T05:43:59.953040Z
2025-09-10,CNBC,White House criticizes Israeli strike on Hamas in Qatar,2025-09-09T19:50:10Z,https://www.cnbc.com/2025/09/09/israel-hamas-qatar-doha-attack.html,https://search.cnbc.com/rs/search/combinedcms/view.xml?partnerId=wrss01&id=15837362,2025-09-10T05:43:59.953074Z
2025-09-10,CNBC,'A colossal train wreck': U.S. energy chief slams odds of net zero by 2050,2025-09-09T12:54:33Z,https://www.cnbc.com/2025/09/09/us-energy-chief-chris-wright-says-net-zero-by-2050-is-unrealistic.html,https://search.cnbc.com/rs/search/combinedcms/view.xml?partnerId=wrss01&id=15837362,2025-09-10T05:43:59.953188Z
2025-09-10,CNBC,Performative or pragmatic? Why Boeing planes feature so much in Trump trade deals,2025-09-09T12:18:52Z,https://www.cnbc.com/2025/09/09/performative-or-pragmatic-why-boeing-planes-feature-so-much-in-trump-trade-deals.html,https://search.cnbc.com/rs/search/combinedcms/view.xml?partnerId=wrss01&id=15837362,2025-09-10T05:43:59.953415Z
2025-09-10,CNBC,Potential Trump tariff refund bill could top $1 trillion as Supreme Court fight looms,2025-09-09T14:50:17Z,https://www.cnbc.com/2025/09/08/trump-tariff-refund-trade-treasury-bessent-supreme-court.html,https://search.cnbc.com/rs/search/combinedcms/view.xml?partnerId=wrss01&id=15837362,2025-09-10T05:43:59.953455Z
2025-09-10,CNBC,Trump Epstein letter and drawing from 'birthday book' released,2025-09-09T12:57:00Z,https://www.cnbc.com/2025/09/08/trump-epstein-birthday-book-oversight.html,https://search.cnbc.com/rs/search/combinedcms/view.xml?partnerId=wrss01&id=15837362,2025-09-10T05:43:59.953491Z
2025-09-10,CNBC,"StubHub IPO: Ticket reseller aims to raise up to $851 million, pricing at $22 to $25 per share",2025-09-09T12:54:17Z,https://www.cnbc.com/2025/09/08/stubhub-stub-ipo-stock.html,https://search.cnbc.com/rs/search/combinedcms/view.xml?partnerId=wrss01&id=15837362,2025-09-10T05:43:59.953538Z
2025-09-10,CNBC,CNBC's UK Exchange newsletter: Holiday stocks still come with baggage,2025-09-10T05:30:01Z,https://www.cnbc.com/2025/09/10/holiday-stocks-still-come-with-baggage-cnbcs-uk-exchange-newsletter.html,https://search.cnbc.com/rs/search/combinedcms/view.xml?partnerId=wrss01&id=100727362,2025-09-10T05:44:02.232690Z
2025-09-10,CNBC,Where Asians want to travel in Asia in 2025,2025-09-10T02:15:09Z,https://www.cnbc.com/2025/09/10/where-asians-want-to-travel-in-asia-in-2025.html,https://search.cnbc.com/rs/search/combinedcms/view.xml?partnerId=wrss01&id=100727362,2025-09-10T05:44:02.232990Z
2025-09-10,CNBC,CNBC Daily Open: Bet on the Fed - not firings - to support jobs growth,2025-09-10T01:11:08Z,https://www.cnbc.com/2025/09/10/cnbc-daily-open-bet-on-the-fed-not-firings-to-support-jobs-growth.html,https://search.cnbc.com/rs/search/combinedcms/view.xml?partnerId=wrss01&id=100727362,2025-09-10T05:44:02.233257Z
2025-09-10,CNBC,Chinese EV maker Xpeng eyes global launch of mass-market Mona series in 2026,2025-09-09T07:50:15Z,https://www.cnbc.com/2025/09/08/xpeng-plans-global-launch-of-mass-market-mona-brand-in-2026.html,https://search.cnbc.com/rs/search/combinedcms/view.xml?partnerId=wrss01&id=100727362,2025-09-10T05:44:02.233372Z
2025-09-10,CNBC,India urges BRICS to tackle deficits as bloc rallies against U.S. tariffs,2025-09-10T01:13:25Z,https://www.cnbc.com/2025/09/09/india-china-brics-brazil-trade-trump-deficit.html,https://search.cnbc.com/rs/search/combinedcms/view.xml?partnerId=wrss01&id=100727362,2025-09-10T05:44:02.233543Z
2025-09-10,CNBC,Anglo American shares surge 9% on 'merger of equals' with Canada's Teck Resources,2025-09-09T16:01:50Z,https://www.cnbc.com/2025/09/09/european-markets-on-septpoint9-stoxx-600-ftse-dax-france-gov-collapse.html,https://search.cnbc.com/rs/search/combinedcms/view.xml?partnerId=wrss01&id=100727362,2025-09-10T05:44:02.233616Z
2025-09-10,CNBC,Google Cloud chief details how search giants is making billions monetizing its AI products,2025-09-09T19:58:32Z,https://www.cnbc.com/2025/09/09/google-cloud-chief-details-how-tech-company-is-monetizing-ai.html,https://search.cnbc.com/rs/search/combinedcms/view.xml?partnerId=wrss01&id=100727362,2025-09-10T05:44:02.233654Z
2025-09-10,Wall Street Journal,China's Deflationary Woes Continue Unabated,2025-09-10T03:56:00Z,https://www.wsj.com/economy/chinas-deflationary-woes-continue-unabated-fd725f0e,https://feeds.content.dowjones.io/public/rss/socialeconomyfeed,2025-09-10T05:44:06.630923Z
2025-09-10,Wall Street Journal,A federal judge late on Tuesday blocked President Trump from removing Lisa Cook from the Federal Reserve Board of Governors while a lawsuit challenging her firing proceeds,2025-09-10T03:01:00Z,https://www.wsj.com/economy/central-banking/judge-blocks-trump-from-removing-fed-governor-lisa-cook-354c6d2b,https://feeds.content.dowjones.io/public/rss/socialeconomyfeed,2025-09-10T05:44:06.630976Z
2025-09-10,Wall Street Journal,Fitch Ratings Nudges Up Global Growth Outlook for 2025,2025-09-10T01:57:00Z,https://www.wsj.com/economy/fitch-ratings-nudges-up-global-growth-outlook-for-2025-1e613ee8,https://feeds.content.dowjones.io/public/rss/socialeconomyfeed,2025-09-10T05:44:06.631014Z
2025-09-10,Wall Street Journal,Census Bureau data show that average U.S. households haven't gained ground economically since the Covid-19 pandemic struck,2025-09-09T19:18:00Z,https://www.wsj.com/economy/consumers/census-income-insurance-poverty-2024-31d82ad0,https://feeds.content.dowjones.io/public/rss/socialeconomyfeed,2025-09-10T05:44:06.631135Z
2025-09-10,Wall Street Journal,"U.S. added over 900,000 fewer jobs than previously thought",2025-09-09T17:43:00Z,https://www.wsj.com/economy/jobs/us-job-growth-revision-a9777d98,https://feeds.content.dowjones.io/public/rss/socialeconomyfeed,2025-09-10T05:44:06.631171Z
2025-09-10,Wall Street Journal,French Industrial Output Retreated in July,2025-09-09T08:41:00Z,https://www.wsj.com/economy/french-industrial-output-declined-in-july-on-lower-aircraft-production-2b2cbad8,https://feeds.content.dowjones.io/public/rss/socialeconomyfeed,2025-09-10T05:44:06.631204Z
2025-09-10,Wall Street Journal,Meta's Elite AI Unit Sparks Tension With Old Guard,2025-09-10T02:11:00Z,https://www.wsj.com/tech/ai/meta-ai-superintelligence-hiring-tension-96c9e993?mod=pls_whats_news_us_business_f,https://feeds.content.dowjones.io/public/rss/WSJcomUSBusiness,2025-09-10T05:44:08.735658Z
2025-09-10,Wall Street Journal,DHL Adds to Healthcare Logistics Services With Acquisition,2025-09-09T21:02:00Z,https://www.wsj.com/articles/dhl-adds-to-healthcare-logistics-services-with-acquisition-99f63bc5?mod=pls_whats_news_us_business_f,https://feeds.content.dowjones.io/public/rss/WSJcomUSBusiness,2025-09-10T05:44:08.735698Z
2025-09-10,Wall Street Journal,Cracker Barrel Cancels Restaurant-Revamp Plans After Backlash,2025-09-09T20:21:00Z,https://www.wsj.com/business/hospitality/cracker-barrel-redesign-suspended-ecc5fb64?mod=pls_whats_news_us_business_f,https://feeds.content.dowjones.io/public/rss/WSJcomUSBusiness,2025-09-10T05:44:08.735735Z
2025-09-10,Wall Street Journal,"Microsoft Cracks Down on Work Speech, Limits Remote Work",2025-09-09T19:50:00Z,https://www.wsj.com/tech/microsoft-cracks-down-on-work-speech-limits-remote-work-df9d469e?mod=pls_whats_news_us_business_f,https://feeds.content.dowjones.io/public/rss/WSJcomUSBusiness,2025-09-10T05:44:08.735771Z
2025-09-10,Wall Street Journal,OpenAI Executives Rattled by Campaigns to Derail For-Profit Restructuring,2025-09-09T12:08:00Z,https://www.wsj.com/tech/ai/openai-for-profit-conversion-opposition-07ea7e25?mod=pls_whats_news_us_business_f,https://feeds.content.dowjones.io/public/rss/WSJcomUSBusiness,2025-09-10T05:44:08.735809Z
2025-09-10,Wall Street Journal,New 'Got Milk' Campaign Tries to Build on a Dairy Milk Comeback,2025-09-09T11:00:00Z,https://www.wsj.com/articles/new-got-milk-campaign-tries-to-build-on-a-dairy-milk-comeback-4ce805cc?mod=pls_whats_news_us_business_f,https://feeds.content.dowjones.io/public/rss/WSJcomUSBusiness,2025-09-10T05:44:08.735894Z
2025-09-10,Wall Street Journal,"Anglo American, Teck to Merge Into $53 Billion Copper Giant",2025-09-09T12:53:00Z,https://www.wsj.com/business/anglo-american-and-teck-resources-set-to-merge-efcde200?mod=pls_whats_news_us_business_f,https://feeds.content.dowjones.io/public/rss/WSJcomUSBusiness,2025-09-10T05:44:08.736054Z
2025-09-10,Wall Street Journal,Hyundai Raid Exposes Shortage of Visas for Asian Companies Trying to Move Staff,2025-09-09T07:52:00Z,https://www.wsj.com/world/asia/hyundai-raid-exposes-shortage-of-visas-for-asian-companies-trying-to-move-staff-be88433c?mod=pls_whats_news_us_business_f,https://feeds.content.dowjones.io/public/rss/WSJcomUSBusiness,2025-09-10T05:44:08.736128Z
2025-09-10,Wall Street Journal,"Robinhood, a Broker Built for Social-Media Age, Will Launch Its Own Social Network",2025-09-10T00:30:00Z,https://www.wsj.com/finance/stocks/robinhood-a-broker-built-for-social-media-age-will-launch-its-own-social-network-a89a7608?mod=rss_markets_main,https://feeds.content.dowjones.io/public/rss/RSSMarketsMain,2025-09-10T05:44:10.831614Z
2025-09-10,Wall Street Journal,"Stock Market News, Sept. 9, 2025: Indexes Rise to Records; Jobs Revised Lower",2025-09-09T08:04:47Z,https://www.wsj.com/livecoverage/stock-market-today-dow-sp-500-nasdaq-09-09-2025?mod=rss_markets_main,https://feeds.content.dowjones.io/public/rss/RSSMarketsMain,2025-09-10T05:44:10.831658Z
2025-09-10,Wall Street Journal,All Three Major Stock-Market Indexes Close at Records on Hopes for Deeper Rate Cuts,2025-09-09T20:32:00Z,https://www.wsj.com/finance/stocks/global-stocks-markets-dow-news-09-09-2025-1a04e395?mod=rss_markets_main,https://feeds.content.dowjones.io/public/rss/RSSMarketsMain,2025-09-10T05:44:10.831699Z
2025-09-10,Wall Street Journal,Epstein Once Listed Goldman's General Counsel as an Executor on His Will,2025-09-09T14:40:00Z,https://www.wsj.com/finance/epstein-once-listed-goldmans-general-counsel-as-an-executor-on-his-will-23d219d8?mod=rss_markets_main,https://feeds.content.dowjones.io/public/rss/RSSMarketsMain,2025-09-10T05:44:10.831795Z
2025-09-10,Wall Street Journal,Nvidia's 'Wow' Factor Is Fading,2025-09-09T09:30:00Z,https://www.wsj.com/tech/ai/nvidia-stock-nvda-growth-827999c7?mod=rss_markets_main,https://feeds.content.dowjones.io/public/rss/RSSMarketsMain,2025-09-10T05:44:10.831864Z
2025-09-10,Wall Street Journal,Opinion | Trump Chaos and the Hyundai Raid,2025-09-09T20:58:00Z,https://www.wsj.com/opinion/trump-chaos-and-the-hyundai-raid-8bd281b5?mod=rss_markets_main,https://feeds.content.dowjones.io/public/rss/RSSMarketsMain,2025-09-10T05:44:10.831922Z
2025-09-10,Wall Street Journal,Suspect in North Carolina Stabbing Charged With Federal Crime,2025-09-09T22:32:00Z,https://www.wsj.com/us-news/suspect-in-north-carolina-stabbing-charged-with-federal-crime-b37d6ef4,https://feeds.content.dowjones.io/public/rss/RSSUSnews,2025-09-10T05:44:15.009319Z
2025-09-10,Wall Street Journal,Supreme Court Agrees to Fast-Track Trump's Tariff Appeal,2025-09-09T21:47:00Z,https://www.wsj.com/us-news/law/supreme-court-agrees-to-hear-trumps-tariff-appeal-330b62ca,https://feeds.content.dowjones.io/public/rss/RSSUSnews,2025-09-10T05:44:15.009412Z
2025-09-10,Wall Street Journal,"NYC Developers, Resigned to Mamdani Winning, Now Want to Work With Him",2025-09-09T20:36:00Z,https://www.wsj.com/real-estate/nyc-developers-resigned-to-mamdani-winning-now-want-to-work-with-him-1c36455b,https://feeds.content.dowjones.io/public/rss/RSSUSnews,2025-09-10T05:44:15.009452Z
2025-09-10,Wall Street Journal,See More Pages From Epstein's 50th Birthday Book,2025-09-09T14:23:00Z,https://www.wsj.com/us-news/see-more-pages-from-epsteins-50th-birthday-book-7ed82f58,https://feeds.content.dowjones.io/public/rss/RSSUSnews,2025-09-10T05:44:15.009526Z
2025-09-10,Wall Street Journal,Opinion | Job Revisions and the Trump Economy,2025-09-09T21:53:00Z,https://www.wsj.com/opinion/donald-trump-economy-job-revisions-bls-joe-biden-tariffs-8145ed52,https://feeds.content.dowjones.io/public/rss/RSSUSnews,2025-09-10T05:44:15.009583Z
2025-09-10,Wall Street Journal,Opinion | Another K-12 Education Disaster,2025-09-09T21:46:00Z,https://www.wsj.com/opinion/naep-scores-reading-math-science-twelfth-grade-education-schools-71e3c8ec,https://feeds.content.dowjones.io/public/rss/RSSUSnews,2025-09-10T05:44:15.009617Z
2025-09-10,Wall Street Journal,Opinion | Will South Korea Want a Nuclear Weapon of Its Own?,2025-09-09T21:07:00Z,https://www.wsj.com/opinion/will-south-korea-want-a-nuclear-weapon-of-its-own-50949981,https://feeds.content.dowjones.io/public/rss/RSSUSnews,2025-09-10T05:44:15.009653Z
2025-09-10,Wall Street Journal,Opinion | Family Values Are the Theme of Spike Lee's 'Highest 2 Lowest',2025-09-09T21:06:00Z,https://www.wsj.com/opinion/family-values-are-the-theme-of-spike-lees-highest-2-lowest-fa5d3312,https://feeds.content.dowjones.io/public/rss/RSSUSnews,2025-09-10T05:44:15.009743Z
2025-09-10,Wall Street Journal,Opinion | Prof. Yoo Errs on Trump's 'Emergency' Tariffs,2025-09-09T18:28:00Z,https://www.wsj.com/opinion/prof-yoo-errs-on-trumps-emergency-tariffs-major-questions-doctrine-630344e0,https://feeds.content.dowjones.io/public/rss/RSSUSnews,2025-09-10T05:44:15.009853Z
2025-09-10,Wall Street Journal,Poland Shoots Down Drones Deep Inside NATO Member's Territory,2025-09-10T04:25:00Z,https://www.wsj.com/world/europe/poland-shoots-down-drones-deep-inside-nato-members-territory-692452e8,https://feeds.content.dowjones.io/public/rss/RSSWorldNews,2025-09-10T05:44:17.109852Z
2025-09-10,Wall Street Journal,Princeton Doctoral Student Freed After Being Kidnapped in Iraq,2025-09-10T01:44:00Z,https://www.wsj.com/world/middle-east/princeton-doctoral-student-freed-after-being-kidnapped-in-iraq-115eecbe,https://feeds.content.dowjones.io/public/rss/RSSWorldNews,2025-09-10T05:44:17.109892Z
2025-09-10,Wall Street Journal,A Ukrainian Farmer Fought Back Against the Russians. He Paid With His Life.,2025-09-10T01:00:00Z,https://www.wsj.com/world/a-ukrainian-farmer-fought-back-against-the-russians-he-paid-with-his-life-bd4ecbc4,https://feeds.content.dowjones.io/public/rss/RSSWorldNews,2025-09-10T05:44:17.109932Z
2025-09-10,Wall Street Journal,"Inside Israel's Audacious Airstrike on Hamas Leaders in Qatar, a U.S. Ally",2025-09-10T01:00:00Z,https://www.wsj.com/world/middle-east/inside-israels-audacious-airstrike-on-hamas-leaders-in-qatar-a-u-s-ally-89104bcd,https://feeds.content.dowjones.io/public/rss/RSSWorldNews,2025-09-10T05:44:17.110023Z
2025-09-10,Wall Street Journal,"Two Presidents, One Assassination Plot: Brazil's Trial of the Century",2025-09-10T01:00:00Z,https://www.wsj.com/world/americas/two-presidents-one-assassination-plot-brazils-trial-of-the-century-3d7c5fb7,https://feeds.content.dowjones.io/public/rss/RSSWorldNews,2025-09-10T05:44:17.110110Z
2025-09-10,Wall Street Journal,"Israel Attacks Hamas Senior Leadership in Doha, Qatar",2025-09-09T21:29:00Z,https://www.wsj.com/world/middle-east/israel-attack-hamas-qatar-doha-45ba3e13,https://feeds.content.dowjones.io/public/rss/RSSWorldNews,2025-09-10T05:44:17.110145Z
2025-09-10,Wall Street Journal,Israel Orders Full Evacuation of Gaza City,2025-09-09T10:39:00Z,https://www.wsj.com/world/middle-east/israel-issues-evacuation-order-for-all-of-gaza-city-as-it-expands-offensive-0bb347ff,https://feeds.content.dowjones.io/public/rss/RSSWorldNews,2025-09-10T05:44:17.110251Z
2025-09-10,Wall Street Journal,"Fueled by Anger Over Corruption, Nepal Protesters Topple Prime Minister",2025-09-09T13:21:00Z,https://www.wsj.com/world/asia/nepal-prime-minister-resigns-as-protests-intensify-ffa11714,https://feeds.content.dowjones.io/public/rss/RSSWorldNews,2025-09-10T05:44:17.110308Z
2025-09-10,Wall Street Journal,Opinion | Israel Targets Hamas in Qatar,2025-09-09T21:49:00Z,https://www.wsj.com/opinion/israel-doha-qatar-attack-hamas-oct-7-gaza-99343307,https://feeds.content.dowjones.io/public/rss/RSSWorldNews,2025-09-10T05:44:17.110393Z
2025-09-10,Wall Street Journal,Opinion | Israel's Surprising Economic Resilience,2025-09-09T20:59:00Z,https://www.wsj.com/opinion/israels-surprising-economic-resilience-d23fa9c9,https://feeds.content.dowjones.io/public/rss/RSSWorldNews,2025-09-10T05:44:17.110508Z
2025-09-10,Wall Street Journal,Macron's Reward for Cutting French Taxes: Sluggish Growth and a Political Crisis,2025-09-09T19:03:00Z,https://www.wsj.com/world/europe/macrons-reward-for-cutting-french-taxes-sluggish-growth-and-a-political-crisis-9252b78a,https://feeds.content.dowjones.io/public/rss/RSSWorldNews,2025-09-10T05:44:17.110645Z
2025-09-10,Wall Street Journal,"Russian Glide Bomb Kills at Least 23, Mostly Elderly, in Eastern Ukraine",2025-09-09T15:17:00Z,https://www.wsj.com/world/europe/russian-glide-bomb-kills-at-least-23-mostly-elderly-in-eastern-ukraine-aefd01ac,https://feeds.content.dowjones.io/public/rss/RSSWorldNews,2025-09-10T05:44:17.110683Z
2025-09-10,Wall Street Journal,iPhone Air First Look: Is Thin Worth the Sacrifice?,2025-09-10T01:38:00Z,https://www.wsj.com/tech/personal-tech/apple-iphone-17-first-impressions-cca48527?mod=rss_Technology,https://feeds.content.dowjones.io/public/rss/RSSWSJD,2025-09-10T05:44:19.214207Z
2025-09-10,Wall Street Journal,Oracle Cements Its Role in AI Era,2025-09-10T01:00:00Z,https://www.wsj.com/articles/oracle-cements-its-role-in-ai-era-98b89cf8?mod=rss_Technology,https://feeds.content.dowjones.io/public/rss/RSSWSJD,2025-09-10T05:44:19.214241Z
2025-09-10,Wall Street Journal,iPhone 17 Pro and iPhone Air vs. Older Models: How Your Phone Compares,2025-09-09T20:45:00Z,https://www.wsj.com/tech/personal-tech/iphone-17-comparison-apple-30ebda61?mod=rss_Technology,https://feeds.content.dowjones.io/public/rss/RSSWSJD,2025-09-10T05:44:19.214320Z
2025-09-10,Wall Street Journal,Ralph Lauren Has Entered the AI Age,2025-09-09T11:00:00Z,https://www.wsj.com/articles/ralph-lauren-has-entered-the-ai-age-85fab407?mod=rss_Technology,https://feeds.content.dowjones.io/public/rss/RSSWSJD,2025-09-10T05:44:19.214469Z
2025-09-10,Wall Street Journal,"Apple Releases Thinner 'iPhone Air,' Seeking to Boost Upgrades With New Design",2025-09-09T19:43:00Z,https://www.wsj.com/tech/iphone-redesign-apple-event-118cc1a4?mod=rss_Technology,https://feeds.content.dowjones.io/public/rss/RSSWSJD,2025-09-10T05:44:19.214718Z
2025-09-10,Bloomberg,Aramco Taps Bond Market Again as Saudis Ramp Up Borrowings,2025-09-10T04:34:07Z,https://www.bloomberg.com/news/articles/2025-09-10/aramco-to-price-second-dollar-bond-sale-of-2025-to-fund-projects,https://feeds.bloomberg.com/markets/news.rss,2025-09-10T05:49:14.486283Z
2025-09-10,Bloomberg,FTSE 100 Live: UK Stocks to Extend Gain as Oil Prices Climb,2025-09-10T05:40:42Z,https://www.bloomberg.com/news/live-blog/2025-09-10/ftse-100-live-uk-stocks-gilts-bonds-pound-usd-novo-what-s-moving-uk-markets-right-now-markets-today,https://feeds.bloomberg.com/markets/news.rss,2025-09-10T05:49:14.486339Z
2025-09-10,Bloomberg,TSMC's August Sales Climb 34% in Latest Sign of Solid AI Demand,2025-09-10T05:40:08Z,https://www.bloomberg.com/news/articles/2025-09-10/tsmc-s-august-sales-climb-34-in-latest-sign-of-solid-ai-demand,https://feeds.bloomberg.com/technology/news.rss,2025-09-10T05:49:20.016260Z
2025-09-10,CNBC,"European stocks set to open higher as markets assess inflation, trade news",2025-09-10T05:45:45Z,https://www.cnbc.com/2025/09/10/european-markets-on-weds-sept-10-stoxx-600-dax-ftse-cac.html,https://search.cnbc.com/rs/search/combinedcms/view.xml?partnerId=wrss01&id=100003114,2025-09-10T05:49:38.040487Z
